sale id,date,brand,model,usb price,thb price,exchange rate
S24285,2024-12-29,Hp,Spectre x360,1654.1,56498.23,34.156479
S24703,2024-06-14,Lenovo,ThinkPad X1 Carbon,1782.78,65460.54,36.718236
S24352,2024-07-21,Lenovo,IdeaPad 5,889.98,32280.64,36.271198
S24778,2024-01-10,Asus,ROG Zephyrus G14,1202.09,42243.45,35.141669
S24181,2024-11-08,Apple,MacBook Pro 14 (M3),2108.84,72548.87,34.402263
S24564,2024-07-22,Asus,ROG Zephyrus G14,1459.0,52919.68,36.271198
S24635,2024-10-25,Asus,VivoBook 15,663.43,22119.84,33.34163
S24966,2024-03-16,Hp,Spectre x360,1695.2,60922.52,35.938248
S24752,2024-06-25,Apple,MacBook Pro 14 (M3),1840.95,67596.44,36.718236
S24701,2024-01-12,Hp,Pavilion 15,819.5,28798.6,35.141669
S24891,2024-11-28,Lenovo,IdeaPad 5,889.8,30611.13,34.402263
S24032,2024-11-18,Asus,VivoBook 15,897.52,30876.72,34.402263
S24997,2024-05-01,Lenovo,ThinkPad X1 Carbon,1457.56,53387.16,36.627761
S24556,2024-12-06,Lenovo,IdeaPad 5,613.33,20949.19,34.156479
S24136,2024-07-11,Hp,Spectre x360,1554.04,56366.89,36.271198
S24120,2024-02-17,Asus,ROG Zephyrus G14,1850.5,66336.17,35.847702
S24738,2024-10-29,Asus,VivoBook 15,865.31,28850.85,33.34163
S24121,2024-07-04,Lenovo,ThinkPad X1 Carbon,1924.55,69805.73,36.271198
S24035,2024-01-22,Hp,Spectre x360,1253.3,44043.05,35.141669
S24261,2024-12-08,Lenovo,IdeaPad 5,675.73,23080.56,34.156479
S24986,2024-12-04,Acer,Swift 3,957.12,32691.85,34.156479
S24435,2024-02-08,Asus,ROG Zephyrus G14,1970.5,70637.9,35.847702
S24552,2024-05-20,Lenovo,ThinkPad X1 Carbon,1482.37,54295.89,36.627761
S24179,2024-02-29,Apple,MacBook Pro 14 (M3),2074.66,74371.79,35.847702
S24955,2024-04-26,Apple,MacBook Pro 14 (M3),2376.15,87337.74,36.755989
S24142,2024-05-31,Apple,MacBook Pro 14 (M3),1604.36,58764.11,36.627761
S24688,2024-10-20,Hp,Spectre x360,1376.48,45894.09,33.34163
S24994,2024-12-25,Asus,VivoBook 15,930.82,31793.53,34.156479
S24262,2024-04-03,Lenovo,ThinkPad X1 Carbon,1819.18,66865.76,36.755989
S24429,2024-10-15,Lenovo,ThinkPad X1 Carbon,1484.64,49500.32,33.34163
S24506,2024-09-29,Asus,ROG Zephyrus G14,1953.37,65078.2,33.31586
S24526,2024-05-31,Hp,Pavilion 15,864.78,31674.96,36.627761
S24829,2024-03-18,Acer,Aspire 5,789.41,28370.01,35.938248
S24296,2024-10-29,Asus,VivoBook 15,834.07,27809.25,33.34163
S24389,2024-05-20,Hp,Pavilion 15,785.59,28774.4,36.627761
S24561,2024-01-09,Lenovo,ThinkPad X1 Carbon,1301.65,45742.15,35.141669
S24894,2024-04-26,Asus,VivoBook 15,941.5,34605.76,36.755989
S24260,2024-11-25,Hp,Pavilion 15,785.63,27027.45,34.402263
S24171,2024-03-20,Asus,VivoBook 15,792.74,28489.69,35.938248
S24092,2024-02-03,Hp,Spectre x360,1554.09,55710.56,35.847702
S24808,2024-06-03,Lenovo,ThinkPad X1 Carbon,1305.43,47933.09,36.718236
S24254,2024-04-10,Asus,VivoBook 15,698.87,25687.66,36.755989
S24995,2024-08-15,Hp,Pavilion 15,800.65,27839.0,34.770497
S24830,2024-02-23,Hp,Pavilion 15,746.03,26743.46,35.847702
S24140,2024-11-23,Apple,MacBook Air 13 (M2),1088.43,37444.46,34.402263
S24313,2024-05-07,Hp,Spectre x360,1261.95,46222.4,36.627761
S24008,2024-08-27,Lenovo,ThinkPad X1 Carbon,1918.25,66698.51,34.770497
S24143,2024-12-09,Apple,MacBook Air 13 (M2),1259.22,43010.52,34.156479
S24824,2024-06-13,Apple,MacBook Air 13 (M2),1034.5,37985.02,36.718236
S24636,2024-10-08,Apple,MacBook Pro 14 (M3),1694.51,56497.73,33.34163
S24720,2024-10-20,Acer,Aspire 5,628.78,20964.55,33.34163
S24047,2024-12-29,Asus,ROG Zephyrus G14,1914.67,65398.39,34.156479
S24014,2024-09-16,Acer,Aspire 5,664.44,22136.39,33.31586
S24249,2024-10-08,Acer,Aspire 5,659.3,21982.14,33.34163
S24461,2024-01-11,Asus,ROG Zephyrus G14,1974.97,69403.74,35.141669
S24884,2024-07-14,Asus,ROG Zephyrus G14,2021.78,73332.38,36.271198
S24214,2024-05-30,Apple,MacBook Air 13 (M2),1347.04,49339.06,36.627761
S24568,2024-11-17,Apple,MacBook Pro 14 (M3),1827.25,62861.54,34.402263
S24141,2024-04-02,Asus,ROG Zephyrus G14,1974.03,72557.42,36.755989
S24305,2024-09-28,Hp,Pavilion 15,880.19,29324.29,33.31586
S24277,2024-07-07,Hp,Spectre x360,1232.56,44706.43,36.271198
S24563,2024-08-06,Apple,MacBook Air 13 (M2),1378.65,47936.35,34.770497
S24531,2024-05-08,Apple,MacBook Air 13 (M2),1140.13,41760.41,36.627761
S24479,2024-02-08,Lenovo,ThinkPad X1 Carbon,1447.93,51904.96,35.847702
S24334,2024-09-13,Apple,MacBook Air 13 (M2),1378.01,45909.59,33.31586
S24787,2024-07-31,Acer,Swift 3,912.62,33101.82,36.271198
S24382,2024-01-22,Asus,VivoBook 15,597.01,20979.93,35.141669
S24170,2024-10-05,Lenovo,ThinkPad X1 Carbon,1421.17,47384.12,33.34163
S24813,2024-09-21,Hp,Spectre x360,1249.59,41631.17,33.31586
S24207,2024-05-17,Apple,MacBook Pro 14 (M3),2242.52,82138.49,36.627761
S24288,2024-01-26,Acer,Swift 3,1153.04,40519.75,35.141669
S24892,2024-11-22,Asus,ROG Zephyrus G14,1983.92,68251.34,34.402263
S24210,2024-05-15,Lenovo,IdeaPad 5,747.91,27394.27,36.627761
S24230,2024-09-28,Hp,Pavilion 15,706.59,23540.65,33.31586
S24603,2024-10-26,Lenovo,IdeaPad 5,791.15,26378.23,33.34163
S24004,2024-12-13,Lenovo,ThinkPad X1 Carbon,1892.83,64652.41,34.156479
S24927,2024-03-09,Apple,MacBook Air 13 (M2),1059.62,38080.89,35.938248
S24432,2024-10-27,Acer,Aspire 5,623.16,20777.17,33.34163
S24954,2024-11-08,Lenovo,IdeaPad 5,811.14,27905.05,34.402263
S24795,2024-03-18,Apple,MacBook Pro 14 (M3),1689.72,60725.58,35.938248
S24786,2024-02-03,Lenovo,IdeaPad 5,877.09,31441.66,35.847702
S24791,2024-06-30,Hp,Spectre x360,1384.07,50820.61,36.718236
S24734,2024-05-13,Lenovo,ThinkPad X1 Carbon,1586.81,58121.3,36.627761
S24948,2024-08-19,Hp,Spectre x360,1476.58,51341.42,34.770497
S24804,2024-02-13,Hp,Pavilion 15,827.69,29670.78,35.847702
S24309,2024-04-01,Lenovo,IdeaPad 5,535.94,19699.0,36.755989
S24372,2024-07-31,Acer,Swift 3,819.33,29718.08,36.271198
S24045,2024-11-18,Apple,MacBook Pro 14 (M3),2068.93,71175.87,34.402263
S24587,2024-04-10,Apple,MacBook Pro 14 (M3),2088.24,76755.33,36.755989
S24477,2024-05-09,Lenovo,IdeaPad 5,830.16,30406.9,36.627761
S24377,2024-02-14,Lenovo,IdeaPad 5,772.87,27705.61,35.847702
S24861,2024-09-14,Lenovo,ThinkPad X1 Carbon,1726.11,57506.84,33.31586
S24622,2024-09-02,Lenovo,ThinkPad X1 Carbon,2161.54,72013.56,33.31586
S24949,2024-05-10,Asus,ROG Zephyrus G14,2162.12,79193.61,36.627761
S24771,2024-07-12,Acer,Swift 3,1103.74,40033.97,36.271198
S24042,2024-09-25,Hp,Spectre x360,1629.61,54291.86,33.31586
S24205,2024-06-22,Hp,Pavilion 15,856.64,31454.31,36.718236
S24198,2024-04-02,Apple,MacBook Air 13 (M2),1347.54,49530.17,36.755989
S24195,2024-06-16,Lenovo,IdeaPad 5,790.66,29031.64,36.718236
S24716,2024-07-03,Apple,MacBook Pro 14 (M3),2088.64,75757.47,36.271198
S24554,2024-03-08,Apple,MacBook Pro 14 (M3),2430.31,87341.08,35.938248
S24108,2024-04-15,Lenovo,ThinkPad X1 Carbon,2161.29,79440.35,36.755989
S24707,2024-06-13,Lenovo,IdeaPad 5,590.94,21698.27,36.718236
S24315,2024-07-08,Asus,ROG Zephyrus G14,2164.61,78513.0,36.271198
S24478,2024-11-18,Lenovo,IdeaPad 5,584.7,20115.0,34.402263
S24430,2024-08-02,Hp,Pavilion 15,803.99,27955.13,34.770497
S24336,2024-11-20,Acer,Swift 3,965.68,33221.58,34.402263
S24211,2024-06-20,Hp,Spectre x360,1223.78,44935.04,36.718236
S24286,2024-12-05,Asus,ROG Zephyrus G14,2036.87,69572.31,34.156479
S24672,2024-02-16,Apple,MacBook Air 13 (M2),1140.74,40892.91,35.847702
S24581,2024-11-15,Hp,Spectre x360,1478.28,50856.18,34.402263
S24250,2024-07-19,Lenovo,IdeaPad 5,651.09,23615.81,36.271198
S24397,2024-04-07,Asus,ROG Zephyrus G14,1539.94,56602.02,36.755989
S24026,2024-10-03,Asus,ROG Zephyrus G14,1738.99,57980.76,33.34163
S24671,2024-01-14,Asus,ROG Zephyrus G14,1718.34,60385.34,35.141669
S24221,2024-05-06,Lenovo,IdeaPad 5,723.14,26487.0,36.627761
S24487,2024-08-04,Lenovo,IdeaPad 5,520.17,18086.57,34.770497
S24612,2024-02-10,Asus,VivoBook 15,833.71,29886.59,35.847702
S24999,2024-07-14,Asus,VivoBook 15,767.36,27833.07,36.271198
S24857,2024-08-18,Acer,Aspire 5,738.76,25687.05,34.770497
S24730,2024-01-24,Lenovo,IdeaPad 5,697.28,24503.58,35.141669
S24524,2024-03-25,Lenovo,IdeaPad 5,865.21,31094.13,35.938248
S24737,2024-02-06,Lenovo,IdeaPad 5,763.05,27353.59,35.847702
S24536,2024-02-28,Acer,Aspire 5,764.56,27407.72,35.847702
S24676,2024-06-17,Hp,Pavilion 15,715.54,26273.37,36.718236
S24063,2024-08-20,Asus,VivoBook 15,655.2,22781.63,34.770497
S24271,2024-10-16,Acer,Aspire 5,647.71,21595.71,33.34163
S24898,2024-06-11,Hp,Pavilion 15,711.85,26137.88,36.718236
S24723,2024-06-23,Acer,Aspire 5,777.27,28539.98,36.718236
S24835,2024-08-12,Asus,ROG Zephyrus G14,1502.58,52245.45,34.770497
S24535,2024-04-16,Acer,Aspire 5,516.39,18980.43,36.755989
S24553,2024-09-29,Apple,MacBook Pro 14 (M3),2435.72,81148.11,33.31586
S24457,2024-01-05,Acer,Aspire 5,871.91,30640.37,35.141669
S24616,2024-12-22,Asus,ROG Zephyrus G14,1286.68,43948.46,34.156479
S24699,2024-07-09,Asus,ROG Zephyrus G14,1273.02,46173.96,36.271198
S24583,2024-03-20,Apple,MacBook Pro 14 (M3),1806.74,64931.07,35.938248
S24846,2024-09-19,Hp,Pavilion 15,851.77,28377.45,33.31586
S24525,2024-03-14,Apple,MacBook Air 13 (M2),1397.96,50240.23,35.938248
S24956,2024-10-02,Apple,MacBook Air 13 (M2),1030.7,34365.22,33.34163
S24714,2024-05-14,Lenovo,ThinkPad X1 Carbon,1931.28,70738.46,36.627761
S24190,2024-05-19,Lenovo,ThinkPad X1 Carbon,1376.06,50402.0,36.627761
S24976,2024-01-04,Apple,MacBook Pro 14 (M3),1902.67,66863.0,35.141669
S24463,2024-01-30,Apple,MacBook Air 13 (M2),1075.37,37790.3,35.141669
S24085,2024-12-07,Asus,ROG Zephyrus G14,1274.69,43538.92,34.156479
S24652,2024-08-04,Acer,Aspire 5,891.82,31009.02,34.770497
S24850,2024-12-17,Acer,Swift 3,879.7,30047.45,34.156479
S24578,2024-04-12,Asus,VivoBook 15,567.45,20857.19,36.755989
S24365,2024-12-24,Apple,MacBook Air 13 (M2),1299.86,44398.64,34.156479
S24905,2024-03-26,Hp,Spectre x360,1893.64,68054.1,35.938248
S24918,2024-12-08,Asus,ROG Zephyrus G14,1706.82,58298.96,34.156479
S24406,2024-11-25,Apple,MacBook Pro 14 (M3),1872.5,64418.24,34.402263
S24767,2024-05-28,Acer,Aspire 5,897.29,32865.72,36.627761
S24637,2024-12-27,Lenovo,ThinkPad X1 Carbon,2185.51,74649.33,34.156479
S24678,2024-10-22,Hp,Spectre x360,1299.45,43325.78,33.34163
S24744,2024-01-20,Lenovo,ThinkPad X1 Carbon,2096.93,73689.62,35.141669
S24196,2024-11-28,Apple,MacBook Air 13 (M2),1354.38,46593.74,34.402263
S24284,2024-01-13,Hp,Pavilion 15,869.04,30539.52,35.141669
S24711,2024-04-24,Apple,MacBook Pro 14 (M3),1665.65,61222.61,36.755989
S24086,2024-01-28,Hp,Spectre x360,1217.08,42770.22,35.141669
S24419,2024-04-26,Asus,VivoBook 15,782.21,28750.9,36.755989
S24403,2024-12-06,Lenovo,IdeaPad 5,744.39,25425.74,34.156479
S24810,2024-07-05,Asus,VivoBook 15,986.88,35795.32,36.271198
S24988,2024-11-28,Apple,MacBook Pro 14 (M3),1812.89,62367.52,34.402263
S24016,2024-03-17,Asus,VivoBook 15,886.15,31846.68,35.938248
S24659,2024-06-16,Asus,ROG Zephyrus G14,1975.45,72535.04,36.718236
S24619,2024-05-24,Lenovo,ThinkPad X1 Carbon,1972.31,72241.3,36.627761
S24903,2024-11-16,Hp,Spectre x360,1224.2,42115.25,34.402263
S24219,2024-10-08,Acer,Aspire 5,560.44,18685.98,33.34163
S24940,2024-03-06,Lenovo,IdeaPad 5,508.11,18260.58,35.938248
S24369,2024-06-01,Asus,VivoBook 15,682.6,25063.87,36.718236
S24532,2024-05-23,Acer,Aspire 5,573.57,21008.58,36.627761
S24528,2024-12-25,Apple,MacBook Pro 14 (M3),1979.4,67609.33,34.156479
S24876,2024-06-19,Hp,Pavilion 15,789.32,28982.44,36.718236
S24055,2024-07-19,Asus,ROG Zephyrus G14,1364.64,49497.13,36.271198
S24907,2024-12-26,Lenovo,IdeaPad 5,737.76,25199.28,34.156479
S24125,2024-08-18,Hp,Pavilion 15,767.16,26674.53,34.770497
S24879,2024-11-06,Apple,MacBook Air 13 (M2),1368.22,47069.86,34.402263
S24868,2024-04-14,Lenovo,IdeaPad 5,613.86,22563.03,36.755989
S24029,2024-01-24,Acer,Aspire 5,713.74,25082.01,35.141669
S24046,2024-09-19,Lenovo,IdeaPad 5,854.08,28454.41,33.31586
S24799,2024-03-24,Hp,Pavilion 15,870.31,31277.42,35.938248
S24111,2024-01-20,Lenovo,IdeaPad 5,808.92,28426.8,35.141669
S24245,2024-12-05,Hp,Spectre x360,1414.13,48301.7,34.156479
S24155,2024-09-30,Acer,Aspire 5,795.04,26487.44,33.31586
S24496,2024-03-24,Hp,Pavilion 15,595.11,21387.21,35.938248
S24033,2024-02-15,Apple,MacBook Pro 14 (M3),1994.08,71483.19,35.847702
S24604,2024-07-14,Asus,ROG Zephyrus G14,1708.98,61986.75,36.271198
S24099,2024-12-20,Asus,ROG Zephyrus G14,1832.49,62591.41,34.156479
S24326,2024-04-25,Asus,ROG Zephyrus G14,1215.47,44675.8,36.755989
S24272,2024-06-20,Lenovo,ThinkPad X1 Carbon,1531.04,56217.09,36.718236
S24498,2024-09-22,Lenovo,ThinkPad X1 Carbon,1740.05,57971.26,33.31586
S24209,2024-04-10,Acer,Swift 3,720.15,26469.83,36.755989
S24215,2024-08-25,Lenovo,IdeaPad 5,788.81,27427.32,34.770497
S24204,2024-08-12,Apple,MacBook Air 13 (M2),1044.04,36301.79,34.770497
S24727,2024-08-18,Lenovo,IdeaPad 5,618.53,21506.6,34.770497
S24543,2024-04-05,Acer,Aspire 5,773.6,28434.43,36.755989
S24533,2024-02-24,Lenovo,ThinkPad X1 Carbon,1404.93,50363.51,35.847702
S24380,2024-03-21,Acer,Swift 3,1063.43,38217.81,35.938248
S24856,2024-08-08,Hp,Pavilion 15,749.89,26074.05,34.770497
S24882,2024-11-29,Asus,VivoBook 15,785.31,27016.44,34.402263
S24302,2024-10-11,Hp,Spectre x360,1540.67,51368.45,33.34163
S24239,2024-06-07,Lenovo,ThinkPad X1 Carbon,1768.86,64949.42,36.718236
S24746,2024-10-13,Lenovo,IdeaPad 5,521.77,17396.66,33.34163
S24301,2024-05-28,Acer,Aspire 5,789.31,28910.66,36.627761
S24455,2024-10-02,Asus,ROG Zephyrus G14,1206.99,40243.01,33.34163
S24904,2024-10-02,Apple,MacBook Pro 14 (M3),1915.67,63871.56,33.34163
S24358,2024-03-08,Apple,MacBook Air 13 (M2),1175.09,42230.68,35.938248
S24475,2024-03-21,Acer,Swift 3,1006.68,36178.32,35.938248
S24529,2024-10-10,Apple,MacBook Pro 14 (M3),1781.28,59390.78,33.34163
S24796,2024-01-09,Acer,Swift 3,907.51,31891.42,35.141669
S24351,2024-05-07,Lenovo,ThinkPad X1 Carbon,1499.03,54906.11,36.627761
S24788,2024-11-24,Acer,Swift 3,1178.69,40549.6,34.402263
S24928,2024-03-01,Hp,Pavilion 15,633.29,22759.33,35.938248
S24647,2024-07-12,Apple,MacBook Air 13 (M2),1389.89,50412.98,36.271198
S24811,2024-05-19,Hp,Pavilion 15,674.68,24712.02,36.627761
S24398,2024-02-15,Acer,Aspire 5,468.67,16800.74,35.847702
S24363,2024-07-26,Acer,Swift 3,958.59,34769.21,36.271198
S24114,2024-11-30,Apple,MacBook Air 13 (M2),1201.47,41333.29,34.402263
S24118,2024-08-03,Hp,Pavilion 15,738.75,25686.7,34.770497
S24467,2024-07-03,Acer,Aspire 5,618.51,22434.1,36.271198
S24031,2024-10-20,Acer,Swift 3,1029.38,34321.21,33.34163
S24745,2024-07-19,Apple,MacBook Pro 14 (M3),1974.13,71604.06,36.271198
S24790,2024-06-12,Hp,Spectre x360,1686.32,61918.7,36.718236
S24307,2024-07-04,Asus,VivoBook 15,609.37,22102.58,36.271198
S24323,2024-06-28,Apple,MacBook Pro 14 (M3),2441.35,89642.07,36.718236
S24854,2024-03-29,Asus,VivoBook 15,801.33,28798.4,35.938248
S24043,2024-09-23,Hp,Spectre x360,1586.53,52856.61,33.31586
S24549,2024-12-10,Asus,VivoBook 15,605.98,20698.14,34.156479
S24292,2024-09-08,Asus,ROG Zephyrus G14,1803.11,60072.16,33.31586
S24240,2024-07-10,Asus,ROG Zephyrus G14,1462.89,53060.77,36.271198
S24346,2024-06-24,Asus,VivoBook 15,992.1,36428.16,36.718236
S24933,2024-03-11,Hp,Spectre x360,1256.24,45147.06,35.938248
S24865,2024-02-21,Asus,ROG Zephyrus G14,1312.52,47050.83,35.847702
S24485,2024-03-20,Hp,Pavilion 15,655.68,23563.99,35.938248
S24097,2024-11-12,Apple,MacBook Air 13 (M2),1206.82,41517.34,34.402263
S24464,2024-04-27,Hp,Spectre x360,1620.53,59564.18,36.755989
S24024,2024-08-13,Lenovo,ThinkPad X1 Carbon,1806.27,62804.91,34.770497
S24950,2024-10-05,Acer,Aspire 5,554.38,18483.93,33.34163
S24989,2024-04-02,Apple,MacBook Pro 14 (M3),1652.04,60722.36,36.755989
S24058,2024-09-07,Hp,Spectre x360,1278.0,42577.67,33.31586
S24036,2024-02-27,Lenovo,ThinkPad X1 Carbon,1998.35,71636.26,35.847702
S24310,2024-07-09,Asus,VivoBook 15,601.97,21834.17,36.271198
S24934,2024-06-19,Apple,MacBook Pro 14 (M3),2484.89,91240.78,36.718236
S24216,2024-03-01,Hp,Pavilion 15,551.45,19818.15,35.938248
S24874,2024-03-26,Apple,MacBook Air 13 (M2),1080.32,38824.81,35.938248
S24642,2024-01-24,Acer,Aspire 5,878.4,30868.44,35.141669
S24863,2024-12-15,Hp,Spectre x360,1397.97,47749.73,34.156479
S24060,2024-04-25,Hp,Pavilion 15,591.93,21756.97,36.755989
S24828,2024-09-04,Lenovo,ThinkPad X1 Carbon,2134.86,71124.7,33.31586
S24797,2024-08-22,Apple,MacBook Pro 14 (M3),2439.81,84833.41,34.770497
S24695,2024-05-06,Apple,MacBook Air 13 (M2),1100.96,40325.7,36.627761
S24228,2024-03-05,Hp,Spectre x360,1538.64,55296.03,35.938248
S24226,2024-08-03,Asus,ROG Zephyrus G14,1670.23,58074.73,34.770497
S24440,2024-05-07,Acer,Aspire 5,658.57,24121.94,36.627761
S24967,2024-09-22,Hp,Pavilion 15,772.94,25751.16,33.31586
S24936,2024-06-23,Lenovo,IdeaPad 5,545.64,20034.94,36.718236
S24545,2024-09-23,Hp,Spectre x360,1806.08,60171.11,33.31586
S24132,2024-06-04,Lenovo,ThinkPad X1 Carbon,1382.15,50750.11,36.718236
S24926,2024-02-22,Hp,Pavilion 15,691.1,24774.35,35.847702
S24611,2024-05-19,Hp,Spectre x360,1243.3,45539.3,36.627761
S24614,2024-02-29,Asus,VivoBook 15,653.88,23440.1,35.847702
S24110,2024-10-04,Acer,Swift 3,1114.37,37154.91,33.34163
S24551,2024-06-23,Apple,MacBook Air 13 (M2),1176.34,43193.13,36.718236
S24597,2024-01-27,Acer,Swift 3,978.07,34371.01,35.141669
S24998,2024-10-24,Hp,Spectre x360,1203.16,40115.32,33.34163
S24361,2024-11-23,Acer,Swift 3,805.63,27715.5,34.402263
S24944,2024-01-16,Hp,Spectre x360,1672.85,58786.74,35.141669
S24917,2024-04-29,Hp,Pavilion 15,889.42,32691.51,36.755989
S24367,2024-02-20,Lenovo,IdeaPad 5,738.53,26474.6,35.847702
S24356,2024-10-03,Acer,Aspire 5,642.64,21426.67,33.34163
S24489,2024-10-03,Asus,VivoBook 15,600.15,20009.98,33.34163
S24134,2024-05-02,Acer,Swift 3,1189.86,43581.91,36.627761
S24709,2024-12-14,Asus,VivoBook 15,590.59,20172.47,34.156479
S24161,2024-12-01,Hp,Pavilion 15,602.95,20594.65,34.156479
S24722,2024-10-12,Lenovo,IdeaPad 5,571.38,19050.74,33.34163
S24697,2024-05-08,Hp,Spectre x360,1897.2,69490.19,36.627761
S24007,2024-12-22,Asus,VivoBook 15,858.0,29306.26,34.156479
S24433,2024-09-03,Apple,MacBook Air 13 (M2),1470.16,48979.64,33.31586
S24555,2024-09-06,Asus,VivoBook 15,707.83,23581.97,33.31586
S24252,2024-06-20,Asus,VivoBook 15,786.38,28874.49,36.718236
S24712,2024-02-26,Acer,Swift 3,911.82,32686.65,35.847702
S24758,2024-06-07,Apple,MacBook Air 13 (M2),1102.23,40471.94,36.718236
S24156,2024-06-05,Lenovo,ThinkPad X1 Carbon,1704.79,62596.88,36.718236
S24710,2024-11-01,Hp,Pavilion 15,739.39,25436.69,34.402263
S24157,2024-01-23,Asus,ROG Zephyrus G14,1708.42,60036.73,35.141669
S24721,2024-04-26,Apple,MacBook Air 13 (M2),1177.08,43264.74,36.755989
S24472,2024-10-15,Asus,VivoBook 15,929.89,31004.05,33.34163
S24340,2024-04-18,Hp,Spectre x360,1525.33,56065.01,36.755989
S24256,2024-01-03,Lenovo,IdeaPad 5,612.85,21536.57,35.141669
S24731,2024-05-18,Apple,MacBook Air 13 (M2),1082.5,39649.55,36.627761
S24442,2024-12-29,Acer,Swift 3,1020.14,34844.39,34.156479
S24982,2024-02-08,Apple,MacBook Pro 14 (M3),2383.98,85460.2,35.847702
S24634,2024-10-10,Hp,Pavilion 15,782.17,26078.82,33.34163
S24242,2024-01-11,Apple,MacBook Air 13 (M2),1110.61,39028.69,35.141669
S24512,2024-04-01,Hp,Spectre x360,1311.88,48219.45,36.755989
S24542,2024-02-16,Asus,VivoBook 15,638.18,22877.29,35.847702
S24626,2024-01-04,Lenovo,IdeaPad 5,812.5,28552.61,35.141669
S24223,2024-08-11,Asus,ROG Zephyrus G14,1436.96,49963.81,34.770497
S24602,2024-03-17,Hp,Spectre x360,1589.78,57133.91,35.938248
S24050,2024-05-04,Asus,ROG Zephyrus G14,1672.33,61253.7,36.627761
S24222,2024-04-08,Apple,MacBook Pro 14 (M3),2036.03,74836.3,36.755989
S24289,2024-12-12,Apple,MacBook Pro 14 (M3),2365.74,80805.35,34.156479
S24081,2024-12-31,Acer,Aspire 5,757.93,25888.22,34.156479
S24915,2024-10-13,Apple,MacBook Air 13 (M2),1150.85,38371.21,33.34163
S24178,2024-02-03,Hp,Spectre x360,1372.41,49197.74,35.847702
S24751,2024-12-06,Asus,ROG Zephyrus G14,2075.17,70880.5,34.156479
S24023,2024-11-11,Asus,ROG Zephyrus G14,1219.2,41943.24,34.402263
S24974,2024-03-06,Acer,Swift 3,860.88,30938.52,35.938248
S24887,2024-05-27,Asus,ROG Zephyrus G14,1982.23,72604.65,36.627761
S24255,2024-03-16,Lenovo,ThinkPad X1 Carbon,2043.07,73424.36,35.938248
S24383,2024-04-20,Lenovo,IdeaPad 5,761.93,28005.49,36.755989
S24040,2024-04-11,Hp,Pavilion 15,586.88,21571.35,36.755989
S24802,2024-09-10,Apple,MacBook Air 13 (M2),1240.0,41311.67,33.31586
S24203,2024-12-21,Asus,VivoBook 15,655.86,22401.87,34.156479
S24191,2024-01-08,Acer,Swift 3,954.56,33544.83,35.141669
S24670,2024-11-19,Apple,MacBook Pro 14 (M3),2301.22,79167.18,34.402263
S24348,2024-09-26,Hp,Spectre x360,1766.65,58857.46,33.31586
S24420,2024-12-29,Hp,Spectre x360,1343.48,45888.55,34.156479
S24687,2024-08-09,Acer,Aspire 5,652.03,22671.41,34.770497
S24569,2024-06-30,Acer,Aspire 5,899.87,33041.64,36.718236
S24453,2024-11-10,Hp,Spectre x360,1843.01,63403.71,34.402263
S24650,2024-07-18,Lenovo,ThinkPad X1 Carbon,1494.16,54194.97,36.271198
S24822,2024-04-04,Hp,Spectre x360,1805.18,66351.18,36.755989
S24971,2024-08-13,Hp,Pavilion 15,803.57,27940.53,34.770497
S24945,2024-02-17,Hp,Pavilion 15,532.63,19093.56,35.847702
S24443,2024-04-11,Apple,MacBook Air 13 (M2),1100.71,40457.68,36.755989
S24371,2024-09-19,Hp,Pavilion 15,591.93,19720.66,33.31586
S24049,2024-11-12,Lenovo,IdeaPad 5,816.99,28106.3,34.402263
S24991,2024-06-20,Lenovo,IdeaPad 5,668.08,24530.72,36.718236
S24651,2024-01-26,Lenovo,ThinkPad X1 Carbon,2113.05,74256.1,35.141669
S24089,2024-03-29,Acer,Aspire 5,709.76,25507.53,35.938248
S24139,2024-01-22,Asus,VivoBook 15,608.16,21371.76,35.141669
S24079,2024-05-23,Hp,Spectre x360,1409.74,51635.62,36.627761
S24005,2024-04-03,Apple,MacBook Pro 14 (M3),1655.4,60845.86,36.755989
S24645,2024-10-25,Apple,MacBook Air 13 (M2),1287.03,42911.68,33.34163
S24748,2024-10-31,Apple,MacBook Pro 14 (M3),1973.61,65803.37,33.34163
S24394,2024-05-03,Apple,MacBook Air 13 (M2),1348.35,49387.04,36.627761
S24145,2024-11-09,Apple,MacBook Air 13 (M2),1189.01,40904.63,34.402263
S24019,2024-12-17,Hp,Pavilion 15,570.03,19470.22,34.156479
S24093,2024-07-19,Lenovo,IdeaPad 5,624.4,22647.74,36.271198
S24094,2024-10-13,Apple,MacBook Air 13 (M2),1142.97,38108.48,33.34163
S24559,2024-04-10,Asus,VivoBook 15,866.29,31841.35,36.755989
S24801,2024-01-06,Hp,Spectre x360,1404.11,49342.77,35.141669
S24393,2024-05-23,Lenovo,ThinkPad X1 Carbon,1306.03,47836.95,36.627761
S24550,2024-06-24,Apple,MacBook Air 13 (M2),1215.74,44639.83,36.718236
S24922,2024-06-05,Lenovo,ThinkPad X1 Carbon,1815.58,66664.89,36.718236
S24291,2024-10-12,Apple,MacBook Air 13 (M2),1173.04,39111.07,33.34163
S24885,2024-07-28,Acer,Aspire 5,485.17,17597.7,36.271198
S24819,2024-06-03,Lenovo,ThinkPad X1 Carbon,1860.84,68326.76,36.718236
S24605,2024-12-23,Hp,Pavilion 15,791.85,27046.81,34.156479
S24105,2024-02-01,Apple,MacBook Air 13 (M2),1114.72,39960.15,35.847702
S24931,2024-07-31,Hp,Pavilion 15,853.82,30969.07,36.271198
S24163,2024-06-29,Asus,VivoBook 15,551.49,20249.74,36.718236
S24783,2024-12-24,Hp,Pavilion 15,810.51,27684.17,34.156479
S24573,2024-05-29,Apple,MacBook Air 13 (M2),1230.28,45062.4,36.627761
S24241,2024-11-02,Acer,Aspire 5,882.97,30376.17,34.402263
S24174,2024-09-29,Lenovo,ThinkPad X1 Carbon,1976.66,65854.13,33.31586
S24418,2024-09-28,Apple,MacBook Pro 14 (M3),1618.36,53917.06,33.31586
S24098,2024-12-15,Acer,Aspire 5,637.06,21759.73,34.156479
S24385,2024-05-23,Lenovo,IdeaPad 5,728.43,26680.76,36.627761
S24404,2024-03-10,Asus,ROG Zephyrus G14,1217.57,43757.33,35.938248
S24516,2024-08-14,Lenovo,IdeaPad 5,633.16,22015.29,34.770497
S24848,2024-05-17,Lenovo,ThinkPad X1 Carbon,1792.29,65647.57,36.627761
S24640,2024-07-04,Lenovo,ThinkPad X1 Carbon,1807.59,65563.45,36.271198
S24993,2024-08-09,Lenovo,ThinkPad X1 Carbon,1553.68,54022.23,34.770497
S24929,2024-12-06,Asus,VivoBook 15,922.14,31497.06,34.156479
S24364,2024-06-16,Asus,VivoBook 15,789.58,28991.98,36.718236
S24962,2024-09-24,Apple,MacBook Pro 14 (M3),2193.86,73090.33,33.31586
S24068,2024-05-17,Asus,ROG Zephyrus G14,1741.24,63777.72,36.627761
S24373,2024-09-03,Hp,Pavilion 15,745.26,24828.98,33.31586
S24511,2024-12-09,Apple,MacBook Pro 14 (M3),2037.8,69604.07,34.156479
S24935,2024-12-07,Acer,Aspire 5,536.91,18338.96,34.156479
S24151,2024-09-17,Hp,Spectre x360,1202.95,40077.31,33.31586
S24010,2024-12-24,Hp,Pavilion 15,784.44,26793.71,34.156479
S24233,2024-09-08,Lenovo,IdeaPad 5,797.71,26576.39,33.31586
S24839,2024-06-22,Lenovo,IdeaPad 5,599.53,22013.68,36.718236
S24264,2024-12-12,Asus,ROG Zephyrus G14,1989.35,67949.19,34.156479
S24176,2024-08-04,Apple,MacBook Air 13 (M2),1277.49,44418.96,34.770497
S24859,2024-12-06,Asus,ROG Zephyrus G14,1731.22,59132.38,34.156479
S24388,2024-11-06,Acer,Swift 3,1197.58,41199.46,34.402263
S24462,2024-01-17,Acer,Swift 3,723.74,25433.43,35.141669
S24763,2024-12-18,Apple,MacBook Air 13 (M2),1337.4,45680.88,34.156479
S24916,2024-07-28,Lenovo,IdeaPad 5,532.44,19312.24,36.271198
S24350,2024-10-17,Acer,Swift 3,1051.93,35073.06,33.34163
S24182,2024-04-01,Apple,MacBook Pro 14 (M3),1920.88,70603.84,36.755989
S24387,2024-08-18,Apple,MacBook Air 13 (M2),1154.68,40148.8,34.770497
S24842,2024-05-05,Lenovo,IdeaPad 5,562.48,20602.38,36.627761
S24409,2024-09-15,Apple,MacBook Pro 14 (M3),2191.93,73026.03,33.31586
S24694,2024-10-30,Acer,Swift 3,932.89,31104.07,33.34163
S24303,2024-08-06,Asus,ROG Zephyrus G14,1559.34,54219.03,34.770497
S24431,2024-05-18,Lenovo,ThinkPad X1 Carbon,1395.69,51121.0,36.627761
S24728,2024-01-28,Hp,Spectre x360,1733.85,60930.38,35.141669
S24606,2024-03-18,Acer,Aspire 5,800.66,28774.32,35.938248
S24902,2024-03-01,Acer,Swift 3,767.12,27568.95,35.938248
S24812,2024-12-19,Hp,Pavilion 15,755.28,25797.71,34.156479
S24969,2024-09-11,Apple,MacBook Pro 14 (M3),2401.5,80008.04,33.31586
S24015,2024-03-08,Lenovo,IdeaPad 5,741.71,26655.76,35.938248
S24375,2024-05-12,Lenovo,ThinkPad X1 Carbon,1620.06,59339.17,36.627761
S24421,2024-10-20,Apple,MacBook Air 13 (M2),1225.62,40864.17,33.34163
S24838,2024-02-21,Lenovo,ThinkPad X1 Carbon,1665.9,59718.69,35.847702
S24135,2024-03-05,Asus,ROG Zephyrus G14,1211.39,43535.23,35.938248
S24366,2024-03-03,Apple,MacBook Air 13 (M2),1155.85,41539.22,35.938248
S24030,2024-11-24,Asus,ROG Zephyrus G14,1932.06,66467.24,34.402263
S24034,2024-03-17,Apple,MacBook Air 13 (M2),1148.76,41284.42,35.938248
S24631,2024-04-13,Asus,VivoBook 15,668.71,24579.1,36.755989
S24961,2024-02-03,Acer,Swift 3,851.61,30528.26,35.847702
S24374,2024-06-04,Lenovo,IdeaPad 5,532.85,19565.31,36.718236
S24370,2024-08-11,Acer,Swift 3,1136.88,39529.88,34.770497
S24177,2024-07-15,Lenovo,IdeaPad 5,647.33,23479.43,36.271198
S24088,2024-05-30,Lenovo,IdeaPad 5,583.19,21360.94,36.627761
S24655,2024-11-21,Lenovo,ThinkPad X1 Carbon,1647.25,56669.13,34.402263
S24184,2024-01-16,Asus,ROG Zephyrus G14,1940.33,68186.43,35.141669
S24881,2024-03-06,Apple,MacBook Pro 14 (M3),1608.27,57798.41,35.938248
S24980,2024-04-01,Hp,Pavilion 15,670.83,24657.02,36.755989
S24127,2024-04-05,Acer,Aspire 5,464.34,17067.28,36.755989
S24654,2024-09-11,Lenovo,ThinkPad X1 Carbon,1673.06,55739.43,33.31586
S24113,2024-01-31,Hp,Pavilion 15,507.25,17825.61,35.141669
S24878,2024-03-04,Acer,Swift 3,1100.78,39560.1,35.938248
S24575,2024-04-07,Lenovo,ThinkPad X1 Carbon,1633.69,60047.89,36.755989
S24474,2024-07-10,Acer,Aspire 5,734.95,26657.52,36.271198
S24061,2024-08-23,Apple,MacBook Air 13 (M2),1131.83,39354.29,34.770497
S24376,2024-09-06,Apple,MacBook Air 13 (M2),1341.58,44695.89,33.31586
S24025,2024-12-01,Acer,Aspire 5,841.27,28734.82,34.156479
S24503,2024-03-25,Asus,ROG Zephyrus G14,2138.23,76844.24,35.938248
S24076,2024-03-10,Apple,MacBook Pro 14 (M3),1931.43,69412.21,35.938248
S24117,2024-11-27,Asus,ROG Zephyrus G14,1676.98,57691.91,34.402263
S24064,2024-11-14,Apple,MacBook Air 13 (M2),1117.36,38439.71,34.402263
S24523,2024-07-28,Hp,Spectre x360,1430.32,51879.42,36.271198
S24468,2024-07-18,Lenovo,IdeaPad 5,769.65,27916.13,36.271198
S24347,2024-06-15,Acer,Swift 3,800.86,29406.17,36.718236
S24437,2024-10-06,Lenovo,ThinkPad X1 Carbon,2023.27,67459.12,33.34163
S24147,2024-09-07,Apple,MacBook Air 13 (M2),1076.83,35875.52,33.31586
S24741,2024-12-20,Hp,Spectre x360,1840.21,62855.09,34.156479
S24946,2024-08-07,Acer,Swift 3,1096.96,38141.84,34.770497
S24957,2024-03-12,Asus,ROG Zephyrus G14,1327.1,47693.65,35.938248
S24232,2024-02-06,Lenovo,ThinkPad X1 Carbon,2156.21,77295.17,35.847702
S24112,2024-08-19,Apple,MacBook Air 13 (M2),1445.74,50269.1,34.770497
S24426,2024-12-03,Hp,Pavilion 15,739.52,25259.4,34.156479
S24548,2024-03-25,Asus,VivoBook 15,769.82,27665.98,35.938248
S24386,2024-01-06,Lenovo,ThinkPad X1 Carbon,1546.65,54351.86,35.141669
S24452,2024-08-17,Apple,MacBook Pro 14 (M3),2387.47,83013.52,34.770497
S24912,2024-01-29,Hp,Spectre x360,1333.25,46852.63,35.141669
S24860,2024-04-28,Hp,Spectre x360,1268.21,46614.31,36.755989
S24051,2024-12-27,Apple,MacBook Air 13 (M2),1173.08,40068.28,34.156479
S24153,2024-01-07,Hp,Pavilion 15,646.78,22728.93,35.141669
S24126,2024-02-06,Apple,MacBook Pro 14 (M3),2337.68,83800.46,35.847702
S24690,2024-06-11,Acer,Swift 3,1044.9,38366.88,36.718236
S24500,2024-10-17,Lenovo,IdeaPad 5,874.33,29151.59,33.34163
S24983,2024-02-13,Lenovo,ThinkPad X1 Carbon,1677.04,60118.03,35.847702
S24768,2024-05-06,Acer,Swift 3,934.73,34237.07,36.627761
S24131,2024-12-05,Lenovo,IdeaPad 5,888.43,30345.64,34.156479
S24041,2024-10-21,Hp,Pavilion 15,696.13,23210.11,33.34163
S24465,2024-11-07,Apple,MacBook Pro 14 (M3),2061.95,70935.75,34.402263
S24833,2024-09-22,Asus,VivoBook 15,798.68,26608.71,33.31586
S24331,2024-09-16,Lenovo,IdeaPad 5,823.24,27426.95,33.31586
S24981,2024-02-04,Hp,Spectre x360,1527.27,54749.12,35.847702
S24780,2024-06-30,Acer,Swift 3,1172.59,43055.44,36.718236
S24897,2024-10-21,Acer,Aspire 5,453.2,15110.43,33.34163
S24970,2024-12-31,Lenovo,IdeaPad 5,736.96,25171.96,34.156479
S24202,2024-12-25,Apple,MacBook Pro 14 (M3),1912.9,65337.93,34.156479
S24354,2024-02-08,Lenovo,ThinkPad X1 Carbon,1492.21,53492.3,35.847702
S24765,2024-03-31,Lenovo,ThinkPad X1 Carbon,2102.98,75577.42,35.938248
S24470,2024-04-15,Hp,Pavilion 15,745.78,27411.88,36.755989
S24408,2024-01-24,Apple,MacBook Air 13 (M2),1130.83,39739.25,35.141669
S24899,2024-07-19,Hp,Pavilion 15,505.47,18334.0,36.271198
S24584,2024-12-22,Hp,Pavilion 15,668.74,22841.8,34.156479
S24764,2024-04-05,Asus,ROG Zephyrus G14,1354.18,49774.23,36.755989
S24869,2024-03-01,Asus,VivoBook 15,673.23,24194.71,35.938248
S24942,2024-01-12,Lenovo,ThinkPad X1 Carbon,1765.32,62036.29,35.141669
S24084,2024-12-24,Apple,MacBook Air 13 (M2),1410.08,48163.37,34.156479
S24633,2024-02-15,Acer,Swift 3,1040.12,37285.91,35.847702
S24267,2024-04-25,Asus,ROG Zephyrus G14,1588.91,58401.96,36.755989
S24541,2024-07-12,Acer,Swift 3,1070.36,38823.24,36.271198
S24193,2024-08-29,Lenovo,IdeaPad 5,504.88,17554.93,34.770497
S24968,2024-08-16,Hp,Spectre x360,1506.35,52376.54,34.770497
S24003,2024-04-27,Asus,VivoBook 15,972.43,35742.63,36.755989
S24658,2024-02-06,Apple,MacBook Pro 14 (M3),1952.19,69981.53,35.847702
S24867,2024-01-12,Lenovo,IdeaPad 5,857.7,30141.01,35.141669
S24724,2024-01-29,Asus,VivoBook 15,694.64,24410.81,35.141669
S24039,2024-08-02,Apple,MacBook Pro 14 (M3),2394.45,83256.22,34.770497
S24837,2024-08-04,Asus,VivoBook 15,949.07,32999.64,34.770497
S24012,2024-03-12,Apple,MacBook Air 13 (M2),1056.64,37973.79,35.938248
S24396,2024-02-28,Lenovo,ThinkPad X1 Carbon,1455.75,52185.29,35.847702
S24338,2024-10-12,Apple,MacBook Pro 14 (M3),2094.77,69843.05,33.34163
S24590,2024-04-30,Asus,VivoBook 15,809.09,29738.9,36.755989
S24844,2024-10-21,Hp,Pavilion 15,719.38,23985.3,33.34163
S24708,2024-06-04,Hp,Pavilion 15,840.97,30878.93,36.718236
S24789,2024-01-12,Lenovo,IdeaPad 5,799.01,28078.54,35.141669
S24282,2024-09-23,Apple,MacBook Air 13 (M2),1221.96,40710.65,33.31586
S24150,2024-04-30,Lenovo,IdeaPad 5,672.79,24729.06,36.755989
S24213,2024-03-21,Lenovo,IdeaPad 5,760.56,27333.19,35.938248
S24674,2024-03-02,Hp,Pavilion 15,671.5,24132.53,35.938248
S24011,2024-08-28,Asus,VivoBook 15,730.6,25403.33,34.770497
S24638,2024-02-22,Hp,Spectre x360,1509.23,54102.43,35.847702
S24473,2024-12-09,Hp,Pavilion 15,766.27,26173.09,34.156479
S24458,2024-12-04,Apple,MacBook Air 13 (M2),1254.15,42837.35,34.156479
S24444,2024-10-10,Apple,MacBook Air 13 (M2),1204.16,40148.66,33.34163
S24072,2024-08-06,Asus,ROG Zephyrus G14,1334.27,46393.23,34.770497
S24769,2024-04-02,Lenovo,IdeaPad 5,776.01,28523.02,36.755989
S24784,2024-04-30,Acer,Swift 3,1122.48,41257.86,36.755989
S24663,2024-09-03,Lenovo,IdeaPad 5,603.11,20093.13,33.31586
S24776,2024-07-30,Lenovo,IdeaPad 5,835.71,30312.2,36.271198
S24624,2024-09-22,Asus,VivoBook 15,570.61,19010.36,33.31586
S24446,2024-08-27,Hp,Spectre x360,1840.91,64009.36,34.770497
S24164,2024-09-11,Lenovo,ThinkPad X1 Carbon,1785.96,59500.79,33.31586
S24332,2024-03-15,Asus,ROG Zephyrus G14,1521.21,54669.62,35.938248
S24853,2024-07-22,Apple,MacBook Air 13 (M2),1075.79,39020.19,36.271198
S24353,2024-07-11,Acer,Swift 3,981.54,35601.63,36.271198
S24666,2024-12-16,Lenovo,IdeaPad 5,581.3,19855.16,34.156479
S24080,2024-09-02,Acer,Aspire 5,592.1,19726.32,33.31586
S24864,2024-07-05,Asus,VivoBook 15,564.67,20481.26,36.271198
S24594,2024-01-20,Apple,MacBook Pro 14 (M3),2018.86,70946.11,35.141669
S24244,2024-04-17,Asus,ROG Zephyrus G14,1208.01,44401.6,36.755989
S24639,2024-06-30,Apple,MacBook Air 13 (M2),1206.09,44285.5,36.718236
S24152,2024-10-25,Lenovo,ThinkPad X1 Carbon,1848.35,61627.0,33.34163
S24095,2024-10-01,Apple,MacBook Pro 14 (M3),1720.28,57356.94,33.34163
S24283,2024-08-02,Asus,ROG Zephyrus G14,2140.59,74429.38,34.770497
S24646,2024-05-28,Lenovo,IdeaPad 5,673.99,24686.74,36.627761
S24627,2024-02-27,Hp,Spectre x360,1876.22,67258.18,35.847702
S24706,2024-04-07,Acer,Swift 3,753.73,27704.09,36.755989
S24488,2024-09-28,Lenovo,ThinkPad X1 Carbon,1831.42,61015.33,33.31586
S24231,2024-09-27,Apple,MacBook Air 13 (M2),1057.57,35233.85,33.31586
S24417,2024-11-24,Hp,Spectre x360,1840.43,63314.96,34.402263
S24395,2024-05-16,Acer,Swift 3,1007.87,36916.02,36.627761
S24392,2024-06-02,Hp,Spectre x360,1598.27,58685.66,36.718236
S24427,2024-08-21,Apple,MacBook Pro 14 (M3),2153.03,74861.92,34.770497
S24960,2024-06-03,Asus,VivoBook 15,853.03,31321.76,36.718236
S24827,2024-02-04,Lenovo,IdeaPad 5,662.87,23762.37,35.847702
S24896,2024-06-14,Acer,Aspire 5,450.32,16534.96,36.718236
S24547,2024-09-10,Acer,Swift 3,1123.59,37433.37,33.31586
S24836,2024-03-21,Lenovo,ThinkPad X1 Carbon,1580.41,56797.17,35.938248
S24930,2024-08-20,Lenovo,IdeaPad 5,646.05,22463.48,34.770497
S24270,2024-07-15,Acer,Swift 3,710.22,25760.53,36.271198
S24360,2024-05-02,Asus,VivoBook 15,843.53,30896.62,36.627761
S24680,2024-05-17,Lenovo,ThinkPad X1 Carbon,2155.87,78964.69,36.627761
S24399,2024-10-25,Acer,Aspire 5,466.3,15547.2,33.34163
S24623,2024-08-28,Apple,MacBook Pro 14 (M3),2349.77,81702.67,34.770497
S24952,2024-06-03,Apple,MacBook Air 13 (M2),1139.87,41854.02,36.718236
S24494,2024-08-18,Apple,MacBook Air 13 (M2),1458.85,50724.94,34.770497
S24560,2024-06-10,Asus,ROG Zephyrus G14,1440.15,52879.77,36.718236
S24742,2024-01-14,Hp,Spectre x360,1568.57,55122.17,35.141669
S24566,2024-01-17,Apple,MacBook Air 13 (M2),1228.07,43156.43,35.141669
S24390,2024-05-28,Asus,ROG Zephyrus G14,1454.36,53269.95,36.627761
S24757,2024-11-02,Hp,Pavilion 15,549.9,18917.8,34.402263
S24413,2024-08-11,Lenovo,IdeaPad 5,530.74,18454.09,34.770497
S24747,2024-06-24,Lenovo,ThinkPad X1 Carbon,2153.41,79069.42,36.718236
S24540,2024-06-15,Asus,ROG Zephyrus G14,1420.88,52172.21,36.718236
S24534,2024-03-16,Acer,Aspire 5,481.1,17289.89,35.938248
S24965,2024-03-27,Apple,MacBook Pro 14 (M3),2211.27,79469.17,35.938248
S24661,2024-11-12,Apple,MacBook Pro 14 (M3),2388.28,82162.24,34.402263
S24073,2024-09-28,Acer,Swift 3,823.44,27433.61,33.31586
S24921,2024-05-31,Hp,Pavilion 15,642.5,23533.34,36.627761
S24501,2024-11-16,Hp,Pavilion 15,656.94,22600.22,34.402263
S24779,2024-10-21,Lenovo,IdeaPad 5,619.53,20656.14,33.34163
S24527,2024-11-07,Apple,MacBook Pro 14 (M3),2165.03,74481.93,34.402263
S24200,2024-06-29,Lenovo,ThinkPad X1 Carbon,2126.03,78064.07,36.718236
S24407,2024-10-23,Hp,Spectre x360,1678.48,55963.26,33.34163
S24938,2024-06-09,Hp,Pavilion 15,800.31,29385.97,36.718236
S24278,2024-06-20,Lenovo,IdeaPad 5,678.0,24894.96,36.718236
S24800,2024-07-06,Lenovo,IdeaPad 5,689.57,25011.53,36.271198
S24803,2024-04-12,Lenovo,ThinkPad X1 Carbon,2119.6,77907.99,36.755989
S24122,2024-02-12,Hp,Pavilion 15,673.31,24136.62,35.847702
S24774,2024-05-20,Acer,Aspire 5,870.05,31867.98,36.627761
S24266,2024-09-06,Lenovo,IdeaPad 5,570.6,19010.03,33.31586
S24729,2024-06-14,Apple,MacBook Pro 14 (M3),1998.74,73390.21,36.718236
S24805,2024-10-17,Asus,VivoBook 15,768.2,25613.04,33.34163
S24858,2024-03-18,Acer,Aspire 5,786.22,28255.37,35.938248
S24504,2024-06-01,Apple,MacBook Air 13 (M2),1329.34,48811.02,36.718236
S24344,2024-01-27,Asus,ROG Zephyrus G14,1336.39,46962.98,35.141669
S24755,2024-01-11,Apple,MacBook Air 13 (M2),1381.58,48551.03,35.141669
S24169,2024-06-11,Acer,Swift 3,1131.14,41533.47,36.718236
S24480,2024-06-10,Acer,Swift 3,942.05,34590.41,36.718236
S24300,2024-01-03,Acer,Swift 3,842.61,29610.72,35.141669
S24448,2024-06-11,Lenovo,ThinkPad X1 Carbon,1366.25,50166.29,36.718236
S24753,2024-12-17,Asus,VivoBook 15,589.44,20133.19,34.156479
S24615,2024-07-19,Asus,VivoBook 15,599.99,21762.36,36.271198
S24357,2024-11-19,Asus,ROG Zephyrus G14,2179.54,74981.11,34.402263
S24947,2024-05-20,Asus,ROG Zephyrus G14,1585.24,58063.79,36.627761
S24328,2024-05-07,Lenovo,ThinkPad X1 Carbon,1782.05,65272.5,36.627761
S24460,2024-08-27,Hp,Spectre x360,1567.51,54503.1,34.770497
S24990,2024-08-20,Apple,MacBook Pro 14 (M3),2362.6,82148.78,34.770497
S24823,2024-10-04,Hp,Spectre x360,1211.55,40395.05,33.34163
S24192,2024-11-10,Lenovo,ThinkPad X1 Carbon,1302.56,44811.01,34.402263
S24718,2024-01-02,Acer,Aspire 5,706.69,24834.27,35.141669
S24400,2024-09-08,Acer,Swift 3,1032.04,34383.3,33.31586
S24872,2024-07-19,Lenovo,IdeaPad 5,561.27,20357.94,36.271198
S24428,2024-01-25,Asus,VivoBook 15,815.04,28641.87,35.141669
S24490,2024-12-26,Asus,ROG Zephyrus G14,1391.96,47544.45,34.156479
S24235,2024-05-24,Asus,ROG Zephyrus G14,1523.1,55787.74,36.627761
S24924,2024-06-19,Hp,Pavilion 15,717.6,26349.01,36.718236
S24349,2024-07-21,Lenovo,IdeaPad 5,721.6,26173.3,36.271198
S24067,2024-06-30,Acer,Aspire 5,753.81,27678.57,36.718236
S24106,2024-01-19,Acer,Aspire 5,513.87,18058.25,35.141669
S24886,2024-02-21,Hp,Pavilion 15,524.92,18817.18,35.847702
S24415,2024-02-14,Hp,Pavilion 15,723.16,25923.62,35.847702
S24588,2024-06-20,Apple,MacBook Pro 14 (M3),2096.58,76982.72,36.718236
S24027,2024-06-01,Hp,Pavilion 15,652.45,23956.81,36.718236
S24613,2024-11-22,Hp,Pavilion 15,778.69,26788.7,34.402263
S24318,2024-08-11,Acer,Aspire 5,632.87,22005.2,34.770497
S24759,2024-12-16,Apple,MacBook Pro 14 (M3),1968.34,67231.56,34.156479
